Time (s),Angle1,Angle2,End Effector X,End Effector Y
-0.25,0,0,3,0
-0.249,0,0,3,0
-0.248,0,0,3,0
-0.247,0,0,3,0
-0.246,0,0,3,0
-0.245,0,0,3,0
-0.244,0,0,3,0
-0.243,0,0,3,0
-0.242,0,0,3,0
-0.241,0,0,3,0
-0.24,0,0,3,0
-0.239,0,0,3,0
-0.238,0,0,3,0
-0.237,0,0,3,0
-0.236,0,0,3,0
-0.235,0,0,3,0
-0.234,0,0,3,0
-0.233,0,0,3,0
-0.232,0,0,3,0
-0.231,0,0,3,0
-0.23,0,0,3,0
-0.229,0,0,3,0
-0.228,0,0,3,0
-0.227,0,0,3,0
-0.226,0,0,3,0
-0.225,0,0,3,0
-0.224,0,0,3,0
-0.223,0,0,3,0
-0.222,0,0,3,0
-0.221,0,0,3,0
-0.22,0,0,3,0
-0.219,0,0,3,0
-0.218,0,0,3,0
-0.217,0,0,3,0
-0.216,0,0,3,0
-0.215,0,0,3,0
-0.214,0,0,3,0
-0.213,0,0,3,0
-0.212,0,0,3,0
-0.211,0,0,3,0
-0.21,0,0,3,0
-0.209,0,0,3,0
-0.208,0,0,3,0
-0.207,0,0,3,0
-0.206,0,0,3,0
-0.205,0,0,3,0
-0.204,0,0,3,0
-0.203,0,0,3,0
-0.202,0,0,3,0
-0.201,0,0,3,0
-0.2,0,0,3,0
-0.199,0,0,3,0
-0.198,0,0,3,0
-0.197,0,0,3,0
-0.196,0,0,3,0
-0.195,0,0,3,0
-0.194,0,0,3,0
-0.193,0,0,3,0
-0.192,0,0,3,0
-0.191,0,0,3,0
-0.19,0,0,3,0
-0.189,0,0,3,0
-0.188,0,0,3,0
-0.187,0,0,3,0
-0.186,0,0,3,0
-0.185,0,0,3,0
-0.184,0,0,3,0
-0.183,0,0,3,0
-0.182,0,0,3,0
-0.181,0,0,3,0
-0.18,0,0,3,0
-0.179,0,0,3,0
-0.178,0,0,3,0
-0.177,0,0,3,0
-0.176,0,0,3,0
-0.175,0,0,3,0
-0.174,0,0,3,0
-0.173,0,0,3,0
-0.172,0,0,3,0
-0.171,0,0,3,0
-0.17,0,0,3,0
-0.169,0,0,3,0
-0.168,0,0,3,0
-0.167,0,0,3,0
-0.166,0,0,3,0
-0.165,0,0,3,0
-0.164,0,0,3,0
-0.163,0,0,3,0
-0.162,0,0,3,0
-0.161,0,0,3,0
-0.16,0,0,3,0
-0.159,0,0,3,0
-0.158,0,0,3,0
-0.157,0,0,3,0
-0.156,0,0,3,0
-0.155,0,0,3,0
-0.154,0,0,3,0
-0.153,0,0,3,0
-0.152,0,0,3,0
-0.151,0,0,3,0
-0.15,0,0,3,0
-0.149,0,0,3,0
-0.148,0,0,3,0
-0.147,0,0,3,0
-0.146,0,0,3,0
-0.145,0,0,3,0
-0.144,0,0,3,0
-0.143,0,0,3,0
-0.142,0,0,3,0
-0.141,0,0,3,0
-0.14,0,0,3,0
-0.139,0,0,3,0
-0.138,0,0,3,0
-0.137,0,0,3,0
-0.136,0,0,3,0
-0.135,0,0,3,0
-0.134,0,0,3,0
-0.133,0,0,3,0
-0.132,0,0,3,0
-0.131,0,0,3,0
-0.13,0,0,3,0
-0.129,0,0,3,0
-0.128,0,0,3,0
-0.127,0,0,3,0
-0.126,0,0,3,0
-0.125,0,0,3,0
-0.124,0,0,3,0
-0.123,0,0,3,0
-0.122,0,0,3,0
-0.121,0,0,3,0
-0.12,0,0,3,0
-0.119,0,0,3,0
-0.118,0,0,3,0
-0.117,0,0,3,0
-0.116,0,0,3,0
-0.115,0,0,3,0
-0.114,0,0,3,0
-0.113,0,0,3,0
-0.112,0,0,3,0
-0.111,0,0,3,0
-0.11,0,0,3,0
-0.109,0,0,3,0
-0.108,0,0,3,0
-0.107,0,0,3,0
-0.106,0,0,3,0
-0.105,0,0,3,0
-0.104,0,0,3,0
-0.103,0,0,3,0
-0.102,0,0,3,0
-0.101,0,0,3,0
-0.1,0,0,3,0
-0.099,0,0,3,0
-0.098,0,0,3,0
-0.097,0,0,3,0
-0.096,0,0,3,0
-0.095,0,0,3,0
-0.094,0,0,3,0
-0.093,0,0,3,0
-0.092,0,0,3,0
-0.091,0,0,3,0
-0.09,0,0,3,0
-0.089,0,0,3,0
-0.088,0,0,3,0
-0.087,0,0,3,0
-0.086,0,0,3,0
-0.085,0,0,3,0
-0.084,0,0,3,0
-0.083,0,0,3,0
-0.082,0,0,3,0
-0.081,0,0,3,0
-0.08,0,0,3,0
-0.079,0,0,3,0
-0.078,0,0,3,0
-0.077,0,0,3,0
-0.076,0,0,3,0
-0.075,0,0,3,0
-0.074,0,0,3,0
-0.073,0,0,3,0
-0.072,0,0,3,0
-0.071,0,0,3,0
-0.07,0,0,3,0
-0.069,0,0,3,0
-0.068,0,0,3,0
-0.067,0,0,3,0
-0.066,0,0,3,0
-0.065,0,0,3,0
-0.064,0,0,3,0
-0.063,0,0,3,0
-0.062,0,0,3,0
-0.061,0,0,3,0
-0.06,0,0,3,0
-0.059,0,0,3,0
-0.058,0,0,3,0
-0.057,0,0,3,0
-0.056,0,0,3,0
-0.055,0,0,3,0
-0.054,0,0,3,0
-0.053,0,0,3,0
-0.052,0,0,3,0
-0.051,0,0,3,0
-0.05,0,0,3,0
-0.049,0,0,3,0
-0.048,0,0,3,0
-0.047,0,0,3,0
-0.046,0,0,3,0
-0.045,0,0,3,0
-0.044,0,0,3,0
-0.043,0,0,3,0
-0.042,0,0,3,0
-0.041,0,0,3,0
-0.04,0,0,3,0
-0.039,0,0,3,0
-0.038,0,0,3,0
-0.037,0,0,3,0
-0.036,0,0,3,0
-0.035,0,0,3,0
-0.034,0,0,3,0
-0.033,0,0,3,0
-0.032,0,0,3,0
-0.031,0,0,3,0
-0.03,0,0,3,0
-0.029,0,0,3,0
-0.028,0,0,3,0
-0.027,0,0,3,0
-0.026,0,0,3,0
-0.025,0,0,3,0
-0.024,0,0,3,0
-0.023,0,0,3,0
-0.022,0,0,3,0
-0.021,0,0,3,0
-0.02,0,0,3,0
-0.019,0,0,3,0
-0.018,0,0,3,0
-0.017,0,0,3,0
-0.016,0,0,3,0
-0.015,0,0,3,0
-0.014,0,0,3,0
-0.013,0,0,3,0
-0.012,0,0,3,0
-0.011,0,0,3,0
-0.01,0,0,3,0
-0.00900000000000001,0,0,3,0
-0.00800000000000001,0,0,3,0
-0.00700000000000001,0,0,3,0
-0.00600000000000001,0,0,3,0
-0.005,0,0,3,0
-0.004,0,0,3,0
-0.003,0,0,3,0
-0.002,0,0,3,0
-0.001,0,0,3,0
0,1,1,0.186233203981496,2.62615261745037
0.001,1,1,0.186233203981496,2.62615261745037
0.002,1,1,0.186233203981496,2.62615261745037
0.003,1,1,0.186233203981496,2.62615261745037
0.004,1,1,0.186233203981496,2.62615261745037
0.005,1,1,0.186233203981496,2.62615261745037
0.00600000000000001,1,1,0.186233203981496,2.62615261745037
0.00700000000000001,1,1,0.186233203981496,2.62615261745037
0.00800000000000001,1,1,0.186233203981496,2.62615261745037
0.00900000000000001,1,1,0.186233203981496,2.62615261745037
0.01,1,1,0.186233203981496,2.62615261745037
0.011,1,1,0.186233203981496,2.62615261745037
0.012,1,1,0.186233203981496,2.62615261745037
0.013,1,1,0.186233203981496,2.62615261745037
0.014,1,1,0.186233203981496,2.62615261745037
0.015,1,1,0.186233203981496,2.62615261745037
0.016,1,1,0.186233203981496,2.62615261745037
0.017,1,1,0.186233203981496,2.62615261745037
0.018,1,1,0.186233203981496,2.62615261745037
0.019,1,1,0.186233203981496,2.62615261745037
0.02,1,1,0.186233203981496,2.62615261745037
0.021,1,1,0.186233203981496,2.62615261745037
0.022,1,1,0.186233203981496,2.62615261745037
0.023,1,1,0.186233203981496,2.62615261745037
0.024,1,1,0.186233203981496,2.62615261745037
0.025,1,1,0.186233203981496,2.62615261745037
0.026,1,1,0.186233203981496,2.62615261745037
0.027,1,1,0.186233203981496,2.62615261745037
0.028,1,1,0.186233203981496,2.62615261745037
0.029,1,1,0.186233203981496,2.62615261745037
0.03,1,1,0.186233203981496,2.62615261745037
0.031,1,1,0.186233203981496,2.62615261745037
0.032,1,1,0.186233203981496,2.62615261745037
0.033,1,1,0.186233203981496,2.62615261745037
0.034,1,1,0.186233203981496,2.62615261745037
0.035,1,1,0.186233203981496,2.62615261745037
0.036,1,1,0.186233203981496,2.62615261745037
0.037,1,1,0.186233203981496,2.62615261745037
0.038,1,1,0.186233203981496,2.62615261745037
0.039,1,1,0.186233203981496,2.62615261745037
0.04,1,1,0.186233203981496,2.62615261745037
0.041,1,1,0.186233203981496,2.62615261745037
0.042,1,1,0.186233203981496,2.62615261745037
0.043,1,1,0.186233203981496,2.62615261745037
0.044,1,1,0.186233203981496,2.62615261745037
0.045,1,1,0.186233203981496,2.62615261745037
0.046,1,1,0.186233203981496,2.62615261745037
0.047,1,1,0.186233203981496,2.62615261745037
0.048,1,1,0.186233203981496,2.62615261745037
0.049,1,1,0.186233203981496,2.62615261745037
0.05,1,1,0.186233203981496,2.62615261745037
0.051,1,1,0.186233203981496,2.62615261745037
0.052,1,1,0.186233203981496,2.62615261745037
0.053,1,1,0.186233203981496,2.62615261745037
0.054,1,1,0.186233203981496,2.62615261745037
0.055,1,1,0.186233203981496,2.62615261745037
0.056,1,1,0.186233203981496,2.62615261745037
0.057,1,1,0.186233203981496,2.62615261745037
0.058,1,1,0.186233203981496,2.62615261745037
0.059,1,1,0.186233203981496,2.62615261745037
0.06,1,1,0.186233203981496,2.62615261745037
0.061,1,1,0.186233203981496,2.62615261745037
0.062,1,1,0.186233203981496,2.62615261745037
0.063,1,1,0.186233203981496,2.62615261745037
0.064,1,1,0.186233203981496,2.62615261745037
0.065,1,1,0.186233203981496,2.62615261745037
0.066,1,1,0.186233203981496,2.62615261745037
0.067,1,1,0.186233203981496,2.62615261745037
0.068,1,1,0.186233203981496,2.62615261745037
0.069,1,1,0.186233203981496,2.62615261745037
0.07,1,1,0.186233203981496,2.62615261745037
0.071,1,1,0.186233203981496,2.62615261745037
0.072,1,1,0.186233203981496,2.62615261745037
0.073,1,1,0.186233203981496,2.62615261745037
0.074,1,1,0.186233203981496,2.62615261745037
0.075,1,1,0.186233203981496,2.62615261745037
0.076,1,1,0.186233203981496,2.62615261745037
0.077,1,1,0.186233203981496,2.62615261745037
0.078,1,1,0.186233203981496,2.62615261745037
0.079,1,1,0.186233203981496,2.62615261745037
0.08,1,1,0.186233203981496,2.62615261745037
0.081,1,1,0.186233203981496,2.62615261745037
0.082,1,1,0.186233203981496,2.62615261745037
0.083,1,1,0.186233203981496,2.62615261745037
0.084,1,1,0.186233203981496,2.62615261745037
0.085,1,1,0.186233203981496,2.62615261745037
0.086,1,1,0.186233203981496,2.62615261745037
0.087,1,1,0.186233203981496,2.62615261745037
0.088,1,1,0.186233203981496,2.62615261745037
0.089,1,1,0.186233203981496,2.62615261745037
0.09,1,1,0.186233203981496,2.62615261745037
0.091,1,1,0.186233203981496,2.62615261745037
0.092,1,1,0.186233203981496,2.62615261745037
0.093,1,1,0.186233203981496,2.62615261745037
0.094,1,1,0.186233203981496,2.62615261745037
0.095,1,1,0.186233203981496,2.62615261745037
0.096,1,1,0.186233203981496,2.62615261745037
0.097,1,1,0.186233203981496,2.62615261745037
0.098,1,1,0.186233203981496,2.62615261745037
0.099,1,1,0.186233203981496,2.62615261745037
0.1,1,1,0.186233203981496,2.62615261745037
0.101,1,1,0.186233203981496,2.62615261745037
0.102,1,1,0.186233203981496,2.62615261745037
0.103,1,1,0.186233203981496,2.62615261745037
0.104,1,1,0.186233203981496,2.62615261745037
0.105,1,1,0.186233203981496,2.62615261745037
0.106,1,1,0.186233203981496,2.62615261745037
0.107,1,1,0.186233203981496,2.62615261745037
0.108,1,1,0.186233203981496,2.62615261745037
0.109,1,1,0.186233203981496,2.62615261745037
0.11,1,1,0.186233203981496,2.62615261745037
0.111,1,1,0.186233203981496,2.62615261745037
0.112,1,1,0.186233203981496,2.62615261745037
0.113,1,1,0.186233203981496,2.62615261745037
0.114,1,1,0.186233203981496,2.62615261745037
0.115,1,1,0.186233203981496,2.62615261745037
0.116,1,1,0.186233203981496,2.62615261745037
0.117,1,1,0.186233203981496,2.62615261745037
0.118,1,1,0.186233203981496,2.62615261745037
0.119,1,1,0.186233203981496,2.62615261745037
0.12,1,1,0.186233203981496,2.62615261745037
0.121,1,1,0.186233203981496,2.62615261745037
0.122,1,1,0.186233203981496,2.62615261745037
0.123,1,1,0.186233203981496,2.62615261745037
0.124,1,1,0.186233203981496,2.62615261745037
0.125,1,1,0.186233203981496,2.62615261745037
0.126,1,1,0.186233203981496,2.62615261745037
0.127,1,1,0.186233203981496,2.62615261745037
0.128,1,1,0.186233203981496,2.62615261745037
0.129,1,1,0.186233203981496,2.62615261745037
0.13,1,1,0.186233203981496,2.62615261745037
0.131,1,1,0.186233203981496,2.62615261745037
0.132,1,1,0.186233203981496,2.62615261745037
0.133,1,1,0.186233203981496,2.62615261745037
0.134,1,1,0.186233203981496,2.62615261745037
0.135,1,1,0.186233203981496,2.62615261745037
0.136,1,1,0.186233203981496,2.62615261745037
0.137,1,1,0.186233203981496,2.62615261745037
0.138,1,1,0.186233203981496,2.62615261745037
0.139,1,1,0.186233203981496,2.62615261745037
0.14,1,1,0.186233203981496,2.62615261745037
0.141,1,1,0.186233203981496,2.62615261745037
0.142,1,1,0.186233203981496,2.62615261745037
0.143,1,1,0.186233203981496,2.62615261745037
0.144,1,1,0.186233203981496,2.62615261745037
0.145,1,1,0.186233203981496,2.62615261745037
0.146,1,1,0.186233203981496,2.62615261745037
0.147,1,1,0.186233203981496,2.62615261745037
0.148,1,1,0.186233203981496,2.62615261745037
0.149,1,1,0.186233203981496,2.62615261745037
0.15,1,1,0.186233203981496,2.62615261745037
0.151,1,1,0.186233203981496,2.62615261745037
0.152,1,1,0.186233203981496,2.62615261745037
0.153,1,1,0.186233203981496,2.62615261745037
0.154,1,1,0.186233203981496,2.62615261745037
0.155,1,1,0.186233203981496,2.62615261745037
0.156,1,1,0.186233203981496,2.62615261745037
0.157,1,1,0.186233203981496,2.62615261745037
0.158,1,1,0.186233203981496,2.62615261745037
0.159,1,1,0.186233203981496,2.62615261745037
0.16,1,1,0.186233203981496,2.62615261745037
0.161,1,1,0.186233203981496,2.62615261745037
0.162,1,1,0.186233203981496,2.62615261745037
0.163,1,1,0.186233203981496,2.62615261745037
0.164,1,1,0.186233203981496,2.62615261745037
0.165,1,1,0.186233203981496,2.62615261745037
0.166,1,1,0.186233203981496,2.62615261745037
0.167,1,1,0.186233203981496,2.62615261745037
0.168,1,1,0.186233203981496,2.62615261745037
0.169,1,1,0.186233203981496,2.62615261745037
0.17,1,1,0.186233203981496,2.62615261745037
0.171,1,1,0.186233203981496,2.62615261745037
0.172,1,1,0.186233203981496,2.62615261745037
0.173,1,1,0.186233203981496,2.62615261745037
0.174,1,1,0.186233203981496,2.62615261745037
0.175,1,1,0.186233203981496,2.62615261745037
0.176,1,1,0.186233203981496,2.62615261745037
0.177,1,1,0.186233203981496,2.62615261745037
0.178,1,1,0.186233203981496,2.62615261745037
0.179,1,1,0.186233203981496,2.62615261745037
0.18,1,1,0.186233203981496,2.62615261745037
0.181,1,1,0.186233203981496,2.62615261745037
0.182,1,1,0.186233203981496,2.62615261745037
0.183,1,1,0.186233203981496,2.62615261745037
0.184,1,1,0.186233203981496,2.62615261745037
0.185,1,1,0.186233203981496,2.62615261745037
0.186,1,1,0.186233203981496,2.62615261745037
0.187,1,1,0.186233203981496,2.62615261745037
0.188,1,1,0.186233203981496,2.62615261745037
0.189,1,1,0.186233203981496,2.62615261745037
0.19,1,1,0.186233203981496,2.62615261745037
0.191,1,1,0.186233203981496,2.62615261745037
0.192,1,1,0.186233203981496,2.62615261745037
0.193,1,1,0.186233203981496,2.62615261745037
0.194,1,1,0.186233203981496,2.62615261745037
0.195,1,1,0.186233203981496,2.62615261745037
0.196,1,1,0.186233203981496,2.62615261745037
0.197,1,1,0.186233203981496,2.62615261745037
0.198,1,1,0.186233203981496,2.62615261745037
0.199,1,1,0.186233203981496,2.62615261745037
0.2,1,1,0.186233203981496,2.62615261745037
0.201,1,1,0.186233203981496,2.62615261745037
0.202,1,1,0.186233203981496,2.62615261745037
0.203,1,1,0.186233203981496,2.62615261745037
0.204,1,1,0.186233203981496,2.62615261745037
0.205,1,1,0.186233203981496,2.62615261745037
0.206,1,1,0.186233203981496,2.62615261745037
0.207,1,1,0.186233203981496,2.62615261745037
0.208,1,1,0.186233203981496,2.62615261745037
0.209,1,1,0.186233203981496,2.62615261745037
0.21,1,1,0.186233203981496,2.62615261745037
0.211,1,1,0.186233203981496,2.62615261745037
0.212,1,1,0.186233203981496,2.62615261745037
0.213,1,1,0.186233203981496,2.62615261745037
0.214,1,1,0.186233203981496,2.62615261745037
0.215,1,1,0.186233203981496,2.62615261745037
0.216,1,1,0.186233203981496,2.62615261745037
0.217,1,1,0.186233203981496,2.62615261745037
0.218,1,1,0.186233203981496,2.62615261745037
0.219,1,1,0.186233203981496,2.62615261745037
0.22,1,1,0.186233203981496,2.62615261745037
0.221,1,1,0.186233203981496,2.62615261745037
0.222,1,1,0.186233203981496,2.62615261745037
0.223,1,1,0.186233203981496,2.62615261745037
0.224,1,1,0.186233203981496,2.62615261745037
0.225,1,1,0.186233203981496,2.62615261745037
0.226,1,1,0.186233203981496,2.62615261745037
0.227,1,1,0.186233203981496,2.62615261745037
0.228,1,1,0.186233203981496,2.62615261745037
0.229,1,1,0.186233203981496,2.62615261745037
0.23,1,1,0.186233203981496,2.62615261745037
0.231,1,1,0.186233203981496,2.62615261745037
0.232,1,1,0.186233203981496,2.62615261745037
0.233,1,1,0.186233203981496,2.62615261745037
0.234,1,1,0.186233203981496,2.62615261745037
0.235,1,1,0.186233203981496,2.62615261745037
0.236,1,1,0.186233203981496,2.62615261745037
0.237,1,1,0.186233203981496,2.62615261745037
0.238,1,1,0.186233203981496,2.62615261745037
0.239,1,1,0.186233203981496,2.62615261745037
0.24,1,1,0.186233203981496,2.62615261745037
0.241,1,1,0.186233203981496,2.62615261745037
0.242,1,1,0.186233203981496,2.62615261745037
0.243,1,1,0.186233203981496,2.62615261745037
0.244,1,1,0.186233203981496,2.62615261745037
0.245,1,1,0.186233203981496,2.62615261745037
0.246,1,1,0.186233203981496,2.62615261745037
0.247,1,1,0.186233203981496,2.62615261745037
0.248,1,1,0.186233203981496,2.62615261745037
0.249,1,1,0.186233203981496,2.62615261745037
0.25,1,1,0.186233203981496,2.62615261745037
0.251,1,1,0.186233203981496,2.62615261745037
0.252,1,1,0.186233203981496,2.62615261745037
0.253,1,1,0.186233203981496,2.62615261745037
0.254,1,1,0.186233203981496,2.62615261745037
0.255,1,1,0.186233203981496,2.62615261745037
0.256,1,1,0.186233203981496,2.62615261745037
0.257,1,1,0.186233203981496,2.62615261745037
0.258,1,1,0.186233203981496,2.62615261745037
0.259,1,1,0.186233203981496,2.62615261745037
0.26,1,1,0.186233203981496,2.62615261745037
0.261,1,1,0.186233203981496,2.62615261745037
0.262,1,1,0.186233203981496,2.62615261745037
0.263,1,1,0.186233203981496,2.62615261745037
0.264,1,1,0.186233203981496,2.62615261745037
0.265,1,1,0.186233203981496,2.62615261745037
0.266,1,1,0.186233203981496,2.62615261745037
0.267,1,1,0.186233203981496,2.62615261745037
0.268,1,1,0.186233203981496,2.62615261745037
0.269,1,1,0.186233203981496,2.62615261745037
0.27,1,1,0.186233203981496,2.62615261745037
0.271,1,1,0.186233203981496,2.62615261745037
0.272,1,1,0.186233203981496,2.62615261745037
0.273,1,1,0.186233203981496,2.62615261745037
0.274,1,1,0.186233203981496,2.62615261745037
0.275,1,1,0.186233203981496,2.62615261745037
0.276,1,1,0.186233203981496,2.62615261745037
0.277,1,1,0.186233203981496,2.62615261745037
0.278,1,1,0.186233203981496,2.62615261745037
0.279,1,1,0.186233203981496,2.62615261745037
0.28,1,1,0.186233203981496,2.62615261745037
0.281,1,1,0.186233203981496,2.62615261745037
0.282,1,1,0.186233203981496,2.62615261745037
0.283,1,1,0.186233203981496,2.62615261745037
0.284,1,1,0.186233203981496,2.62615261745037
0.285,1,1,0.186233203981496,2.62615261745037
0.286,1,1,0.186233203981496,2.62615261745037
0.287,1,1,0.186233203981496,2.62615261745037
0.288,1,1,0.186233203981496,2.62615261745037
0.289,1,1,0.186233203981496,2.62615261745037
0.29,1,1,0.186233203981496,2.62615261745037
0.291,1,1,0.186233203981496,2.62615261745037
0.292,1,1,0.186233203981496,2.62615261745037
0.293,1,1,0.186233203981496,2.62615261745037
0.294,1,1,0.186233203981496,2.62615261745037
0.295,1,1,0.186233203981496,2.62615261745037
0.296,1,1,0.186233203981496,2.62615261745037
0.297,1,1,0.186233203981496,2.62615261745037
0.298,1,1,0.186233203981496,2.62615261745037
0.299,1,1,0.186233203981496,2.62615261745037
0.3,1,1,0.186233203981496,2.62615261745037
0.301,1,1,0.186233203981496,2.62615261745037
0.302,1,1,0.186233203981496,2.62615261745037
0.303,1,1,0.186233203981496,2.62615261745037
0.304,1,1,0.186233203981496,2.62615261745037
0.305,1,1,0.186233203981496,2.62615261745037
0.306,1,1,0.186233203981496,2.62615261745037
0.307,1,1,0.186233203981496,2.62615261745037
0.308,1,1,0.186233203981496,2.62615261745037
0.309,1,1,0.186233203981496,2.62615261745037
0.31,1,1,0.186233203981496,2.62615261745037
0.311,1,1,0.186233203981496,2.62615261745037
0.312,1,1,0.186233203981496,2.62615261745037
0.313,1,1,0.186233203981496,2.62615261745037
0.314,1,1,0.186233203981496,2.62615261745037
0.315,1,1,0.186233203981496,2.62615261745037
0.316,1,1,0.186233203981496,2.62615261745037
0.317,1,1,0.186233203981496,2.62615261745037
0.318,1,1,0.186233203981496,2.62615261745037
0.319,1,1,0.186233203981496,2.62615261745037
0.32,1,1,0.186233203981496,2.62615261745037
0.321,1,1,0.186233203981496,2.62615261745037
0.322,1,1,0.186233203981496,2.62615261745037
0.323,1,1,0.186233203981496,2.62615261745037
0.324,1,1,0.186233203981496,2.62615261745037
0.325,1,1,0.186233203981496,2.62615261745037
0.326,1,1,0.186233203981496,2.62615261745037
0.327,1,1,0.186233203981496,2.62615261745037
0.328,1,1,0.186233203981496,2.62615261745037
0.329,1,1,0.186233203981496,2.62615261745037
0.33,1,1,0.186233203981496,2.62615261745037
0.331,1,1,0.186233203981496,2.62615261745037
0.332,1,1,0.186233203981496,2.62615261745037
0.333,1,1,0.186233203981496,2.62615261745037
0.334,1,1,0.186233203981496,2.62615261745037
0.335,1,1,0.186233203981496,2.62615261745037
0.336,1,1,0.186233203981496,2.62615261745037
0.337,1,1,0.186233203981496,2.62615261745037
0.338,1,1,0.186233203981496,2.62615261745037
0.339,1,1,0.186233203981496,2.62615261745037
0.34,1,1,0.186233203981496,2.62615261745037
0.341,1,1,0.186233203981496,2.62615261745037
0.342,1,1,0.186233203981496,2.62615261745037
0.343,1,1,0.186233203981496,2.62615261745037
0.344,1,1,0.186233203981496,2.62615261745037
0.345,1,1,0.186233203981496,2.62615261745037
0.346,1,1,0.186233203981496,2.62615261745037
0.347,1,1,0.186233203981496,2.62615261745037
0.348,1,1,0.186233203981496,2.62615261745037
0.349,1,1,0.186233203981496,2.62615261745037
0.35,1,1,0.186233203981496,2.62615261745037
0.351,1,1,0.186233203981496,2.62615261745037
0.352,1,1,0.186233203981496,2.62615261745037
0.353,1,1,0.186233203981496,2.62615261745037
0.354,1,1,0.186233203981496,2.62615261745037
0.355,1,1,0.186233203981496,2.62615261745037
0.356,1,1,0.186233203981496,2.62615261745037
0.357,1,1,0.186233203981496,2.62615261745037
0.358,1,1,0.186233203981496,2.62615261745037
0.359,1,1,0.186233203981496,2.62615261745037
0.36,1,1,0.186233203981496,2.62615261745037
0.361,1,1,0.186233203981496,2.62615261745037
0.362,1,1,0.186233203981496,2.62615261745037
0.363,1,1,0.186233203981496,2.62615261745037
0.364,1,1,0.186233203981496,2.62615261745037
0.365,1,1,0.186233203981496,2.62615261745037
0.366,1,1,0.186233203981496,2.62615261745037
0.367,1,1,0.186233203981496,2.62615261745037
0.368,1,1,0.186233203981496,2.62615261745037
0.369,1,1,0.186233203981496,2.62615261745037
0.37,1,1,0.186233203981496,2.62615261745037
0.371,1,1,0.186233203981496,2.62615261745037
0.372,1,1,0.186233203981496,2.62615261745037
0.373,1,1,0.186233203981496,2.62615261745037
0.374,1,1,0.186233203981496,2.62615261745037
0.375,1,1,0.186233203981496,2.62615261745037
0.376,1,1,0.186233203981496,2.62615261745037
0.377,1,1,0.186233203981496,2.62615261745037
0.378,1,1,0.186233203981496,2.62615261745037
0.379,1,1,0.186233203981496,2.62615261745037
0.38,1,1,0.186233203981496,2.62615261745037
0.381,1,1,0.186233203981496,2.62615261745037
0.382,1,1,0.186233203981496,2.62615261745037
0.383,1,1,0.186233203981496,2.62615261745037
0.384,1,1,0.186233203981496,2.62615261745037
0.385,1,1,0.186233203981496,2.62615261745037
0.386,1,1,0.186233203981496,2.62615261745037
0.387,1,1,0.186233203981496,2.62615261745037
0.388,1,1,0.186233203981496,2.62615261745037
0.389,1,1,0.186233203981496,2.62615261745037
0.39,1,1,0.186233203981496,2.62615261745037
0.391,1,1,0.186233203981496,2.62615261745037
0.392,1,1,0.186233203981496,2.62615261745037
0.393,1,1,0.186233203981496,2.62615261745037
0.394,1,1,0.186233203981496,2.62615261745037
0.395,1,1,0.186233203981496,2.62615261745037
0.396,1,1,0.186233203981496,2.62615261745037
0.397,1,1,0.186233203981496,2.62615261745037
0.398,1,1,0.186233203981496,2.62615261745037
0.399,1,1,0.186233203981496,2.62615261745037
0.4,1,1,0.186233203981496,2.62615261745037
0.401,1,1,0.186233203981496,2.62615261745037
0.402,1,1,0.186233203981496,2.62615261745037
0.403,1,1,0.186233203981496,2.62615261745037
0.404,1,1,0.186233203981496,2.62615261745037
0.405,1,1,0.186233203981496,2.62615261745037
0.406,1,1,0.186233203981496,2.62615261745037
0.407,1,1,0.186233203981496,2.62615261745037
0.408,1,1,0.186233203981496,2.62615261745037
0.409,1,1,0.186233203981496,2.62615261745037
0.41,1,1,0.186233203981496,2.62615261745037
0.411,1,1,0.186233203981496,2.62615261745037
0.412,1,1,0.186233203981496,2.62615261745037
0.413,1,1,0.186233203981496,2.62615261745037
0.414,1,1,0.186233203981496,2.62615261745037
0.415,1,1,0.186233203981496,2.62615261745037
0.416,1,1,0.186233203981496,2.62615261745037
0.417,1,1,0.186233203981496,2.62615261745037
0.418,1,1,0.186233203981496,2.62615261745037
0.419,1,1,0.186233203981496,2.62615261745037
0.42,1,1,0.186233203981496,2.62615261745037
0.421,1,1,0.186233203981496,2.62615261745037
0.422,1,1,0.186233203981496,2.62615261745037
0.423,1,1,0.186233203981496,2.62615261745037
0.424,1,1,0.186233203981496,2.62615261745037
0.425,1,1,0.186233203981496,2.62615261745037
0.426,1,1,0.186233203981496,2.62615261745037
0.427,1,1,0.186233203981496,2.62615261745037
0.428,1,1,0.186233203981496,2.62615261745037
0.429,1,1,0.186233203981496,2.62615261745037
0.43,1,1,0.186233203981496,2.62615261745037
0.431,1,1,0.186233203981496,2.62615261745037
0.432,1,1,0.186233203981496,2.62615261745037
0.433,1,1,0.186233203981496,2.62615261745037
0.434,1,1,0.186233203981496,2.62615261745037
0.435,1,1,0.186233203981496,2.62615261745037
0.436,1,1,0.186233203981496,2.62615261745037
0.437,1,1,0.186233203981496,2.62615261745037
0.438,1,1,0.186233203981496,2.62615261745037
0.439,1,1,0.186233203981496,2.62615261745037
0.44,1,1,0.186233203981496,2.62615261745037
0.441,1,1,0.186233203981496,2.62615261745037
0.442,1,1,0.186233203981496,2.62615261745037
0.443,1,1,0.186233203981496,2.62615261745037
0.444,1,1,0.186233203981496,2.62615261745037
0.445,1,1,0.186233203981496,2.62615261745037
0.446,1,1,0.186233203981496,2.62615261745037
0.447,1,1,0.186233203981496,2.62615261745037
0.448,1,1,0.186233203981496,2.62615261745037
0.449,1,1,0.186233203981496,2.62615261745037
0.45,1,1,0.186233203981496,2.62615261745037
0.451,1,1,0.186233203981496,2.62615261745037
0.452,1,1,0.186233203981496,2.62615261745037
0.453,1,1,0.186233203981496,2.62615261745037
0.454,1,1,0.186233203981496,2.62615261745037
0.455,1,1,0.186233203981496,2.62615261745037
0.456,1,1,0.186233203981496,2.62615261745037
0.457,1,1,0.186233203981496,2.62615261745037
0.458,1,1,0.186233203981496,2.62615261745037
0.459,1,1,0.186233203981496,2.62615261745037
0.46,1,1,0.186233203981496,2.62615261745037
0.461,1,1,0.186233203981496,2.62615261745037
0.462,1,1,0.186233203981496,2.62615261745037
0.463,1,1,0.186233203981496,2.62615261745037
0.464,1,1,0.186233203981496,2.62615261745037
0.465,1,1,0.186233203981496,2.62615261745037
0.466,1,1,0.186233203981496,2.62615261745037
0.467,1,1,0.186233203981496,2.62615261745037
0.468,1,1,0.186233203981496,2.62615261745037
0.469,1,1,0.186233203981496,2.62615261745037
0.47,1,1,0.186233203981496,2.62615261745037
0.471,1,1,0.186233203981496,2.62615261745037
0.472,1,1,0.186233203981496,2.62615261745037
0.473,1,1,0.186233203981496,2.62615261745037
0.474,1,1,0.186233203981496,2.62615261745037
0.475,1,1,0.186233203981496,2.62615261745037
0.476,1,1,0.186233203981496,2.62615261745037
0.477,1,1,0.186233203981496,2.62615261745037
0.478,1,1,0.186233203981496,2.62615261745037
0.479,1,1,0.186233203981496,2.62615261745037
0.48,1,1,0.186233203981496,2.62615261745037
0.481,1,1,0.186233203981496,2.62615261745037
0.482,1,1,0.186233203981496,2.62615261745037
0.483,1,1,0.186233203981496,2.62615261745037
0.484,1,1,0.186233203981496,2.62615261745037
0.485,1,1,0.186233203981496,2.62615261745037
0.486,1,1,0.186233203981496,2.62615261745037
0.487,1,1,0.186233203981496,2.62615261745037
0.488,1,1,0.186233203981496,2.62615261745037
0.489,1,1,0.186233203981496,2.62615261745037
0.49,1,1,0.186233203981496,2.62615261745037
0.491,1,1,0.186233203981496,2.62615261745037
0.492,1,1,0.186233203981496,2.62615261745037
0.493,1,1,0.186233203981496,2.62615261745037
0.494,1,1,0.186233203981496,2.62615261745037
0.495,1,1,0.186233203981496,2.62615261745037
0.496,1,1,0.186233203981496,2.62615261745037
0.497,1,1,0.186233203981496,2.62615261745037
0.498,1,1,0.186233203981496,2.62615261745037
0.499,1,1,0.186233203981496,2.62615261745037
0.5,1,1,0.186233203981496,2.62615261745037
0.501,1,1,0.186233203981496,2.62615261745037
0.502,1,1,0.186233203981496,2.62615261745037
0.503,1,1,0.186233203981496,2.62615261745037
0.504,1,1,0.186233203981496,2.62615261745037
0.505,1,1,0.186233203981496,2.62615261745037
0.506,1,1,0.186233203981496,2.62615261745037
0.507,1,1,0.186233203981496,2.62615261745037
0.508,1,1,0.186233203981496,2.62615261745037
0.509,1,1,0.186233203981496,2.62615261745037
0.51,1,1,0.186233203981496,2.62615261745037
0.511,1,1,0.186233203981496,2.62615261745037
0.512,1,1,0.186233203981496,2.62615261745037
0.513,1,1,0.186233203981496,2.62615261745037
0.514,1,1,0.186233203981496,2.62615261745037
0.515,1,1,0.186233203981496,2.62615261745037
0.516,1,1,0.186233203981496,2.62615261745037
0.517,1,1,0.186233203981496,2.62615261745037
0.518,1,1,0.186233203981496,2.62615261745037
0.519,1,1,0.186233203981496,2.62615261745037
0.52,1,1,0.186233203981496,2.62615261745037
0.521,1,1,0.186233203981496,2.62615261745037
0.522,1,1,0.186233203981496,2.62615261745037
0.523,1,1,0.186233203981496,2.62615261745037
0.524,1,1,0.186233203981496,2.62615261745037
0.525,1,1,0.186233203981496,2.62615261745037
0.526,1,1,0.186233203981496,2.62615261745037
0.527,1,1,0.186233203981496,2.62615261745037
0.528,1,1,0.186233203981496,2.62615261745037
0.529,1,1,0.186233203981496,2.62615261745037
0.53,1,1,0.186233203981496,2.62615261745037
0.531,1,1,0.186233203981496,2.62615261745037
0.532,1,1,0.186233203981496,2.62615261745037
0.533,1,1,0.186233203981496,2.62615261745037
0.534,1,1,0.186233203981496,2.62615261745037
0.535,1,1,0.186233203981496,2.62615261745037
0.536,1,1,0.186233203981496,2.62615261745037
0.537,1,1,0.186233203981496,2.62615261745037
0.538,1,1,0.186233203981496,2.62615261745037
0.539,1,1,0.186233203981496,2.62615261745037
0.54,1,1,0.186233203981496,2.62615261745037
0.541,1,1,0.186233203981496,2.62615261745037
0.542,1,1,0.186233203981496,2.62615261745037
0.543,1,1,0.186233203981496,2.62615261745037
0.544,1,1,0.186233203981496,2.62615261745037
0.545,1,1,0.186233203981496,2.62615261745037
0.546,1,1,0.186233203981496,2.62615261745037
0.547,1,1,0.186233203981496,2.62615261745037
0.548,1,1,0.186233203981496,2.62615261745037
0.549,1,1,0.186233203981496,2.62615261745037
0.55,1,1,0.186233203981496,2.62615261745037
0.551,1,1,0.186233203981496,2.62615261745037
0.552,1,1,0.186233203981496,2.62615261745037
0.553,1,1,0.186233203981496,2.62615261745037
0.554,1,1,0.186233203981496,2.62615261745037
0.555,1,1,0.186233203981496,2.62615261745037
0.556,1,1,0.186233203981496,2.62615261745037
0.557,1,1,0.186233203981496,2.62615261745037
0.558,1,1,0.186233203981496,2.62615261745037
0.559,1,1,0.186233203981496,2.62615261745037
0.56,1,1,0.186233203981496,2.62615261745037
0.561,1,1,0.186233203981496,2.62615261745037
0.562,1,1,0.186233203981496,2.62615261745037
0.563,1,1,0.186233203981496,2.62615261745037
0.564,1,1,0.186233203981496,2.62615261745037
0.565,1,1,0.186233203981496,2.62615261745037
0.566,1,1,0.186233203981496,2.62615261745037
0.567,1,1,0.186233203981496,2.62615261745037
0.568,1,1,0.186233203981496,2.62615261745037
0.569,1,1,0.186233203981496,2.62615261745037
0.57,1,1,0.186233203981496,2.62615261745037
0.571,1,1,0.186233203981496,2.62615261745037
0.572,1,1,0.186233203981496,2.62615261745037
0.573,1,1,0.186233203981496,2.62615261745037
0.574,1,1,0.186233203981496,2.62615261745037
0.575,1,1,0.186233203981496,2.62615261745037
0.576,1,1,0.186233203981496,2.62615261745037
0.577,1,1,0.186233203981496,2.62615261745037
0.578,1,1,0.186233203981496,2.62615261745037
0.579,1,1,0.186233203981496,2.62615261745037
0.58,1,1,0.186233203981496,2.62615261745037
0.581,1,1,0.186233203981496,2.62615261745037
0.582,1,1,0.186233203981496,2.62615261745037
0.583,1,1,0.186233203981496,2.62615261745037
0.584,1,1,0.186233203981496,2.62615261745037
0.585,1,1,0.186233203981496,2.62615261745037
0.586,1,1,0.186233203981496,2.62615261745037
0.587,1,1,0.186233203981496,2.62615261745037
0.588,1,1,0.186233203981496,2.62615261745037
0.589,1,1,0.186233203981496,2.62615261745037
0.59,1,1,0.186233203981496,2.62615261745037
0.591,1,1,0.186233203981496,2.62615261745037
0.592,1,1,0.186233203981496,2.62615261745037
0.593,1,1,0.186233203981496,2.62615261745037
0.594,1,1,0.186233203981496,2.62615261745037
0.595,1,1,0.186233203981496,2.62615261745037
0.596,1,1,0.186233203981496,2.62615261745037
0.597,1,1,0.186233203981496,2.62615261745037
0.598,1,1,0.186233203981496,2.62615261745037
0.599,1,1,0.186233203981496,2.62615261745037
0.6,1,1,0.186233203981496,2.62615261745037
0.601,1,1,0.186233203981496,2.62615261745037
0.602,1,1,0.186233203981496,2.62615261745037
0.603,1,1,0.186233203981496,2.62615261745037
0.604,1,1,0.186233203981496,2.62615261745037
0.605,1,1,0.186233203981496,2.62615261745037
0.606,1,1,0.186233203981496,2.62615261745037
0.607,1,1,0.186233203981496,2.62615261745037
0.608,1,1,0.186233203981496,2.62615261745037
0.609,1,1,0.186233203981496,2.62615261745037
0.61,1,1,0.186233203981496,2.62615261745037
0.611,1,1,0.186233203981496,2.62615261745037
0.612,1,1,0.186233203981496,2.62615261745037
0.613,1,1,0.186233203981496,2.62615261745037
0.614,1,1,0.186233203981496,2.62615261745037
0.615,1,1,0.186233203981496,2.62615261745037
0.616,1,1,0.186233203981496,2.62615261745037
0.617,1,1,0.186233203981496,2.62615261745037
0.618,1,1,0.186233203981496,2.62615261745037
0.619,1,1,0.186233203981496,2.62615261745037
0.62,1,1,0.186233203981496,2.62615261745037
0.621,1,1,0.186233203981496,2.62615261745037
0.622,1,1,0.186233203981496,2.62615261745037
0.623,1,1,0.186233203981496,2.62615261745037
0.624,1,1,0.186233203981496,2.62615261745037
0.625,1,1,0.186233203981496,2.62615261745037
0.626,1,1,0.186233203981496,2.62615261745037
0.627,1,1,0.186233203981496,2.62615261745037
0.628,1,1,0.186233203981496,2.62615261745037
0.629,1,1,0.186233203981496,2.62615261745037
0.63,1,1,0.186233203981496,2.62615261745037
0.631,1,1,0.186233203981496,2.62615261745037
0.632,1,1,0.186233203981496,2.62615261745037
0.633,1,1,0.186233203981496,2.62615261745037
0.634,1,1,0.186233203981496,2.62615261745037
0.635,1,1,0.186233203981496,2.62615261745037
0.636,1,1,0.186233203981496,2.62615261745037
0.637,1,1,0.186233203981496,2.62615261745037
0.638,1,1,0.186233203981496,2.62615261745037
0.639,1,1,0.186233203981496,2.62615261745037
0.64,1,1,0.186233203981496,2.62615261745037
0.641,1,1,0.186233203981496,2.62615261745037
0.642,1,1,0.186233203981496,2.62615261745037
0.643,1,1,0.186233203981496,2.62615261745037
0.644,1,1,0.186233203981496,2.62615261745037
0.645,1,1,0.186233203981496,2.62615261745037
0.646,1,1,0.186233203981496,2.62615261745037
0.647,1,1,0.186233203981496,2.62615261745037
0.648,1,1,0.186233203981496,2.62615261745037
0.649,1,1,0.186233203981496,2.62615261745037
0.65,1,1,0.186233203981496,2.62615261745037
0.651,1,1,0.186233203981496,2.62615261745037
0.652,1,1,0.186233203981496,2.62615261745037
0.653,1,1,0.186233203981496,2.62615261745037
0.654,1,1,0.186233203981496,2.62615261745037
0.655,1,1,0.186233203981496,2.62615261745037
0.656,1,1,0.186233203981496,2.62615261745037
0.657,1,1,0.186233203981496,2.62615261745037
0.658,1,1,0.186233203981496,2.62615261745037
0.659,1,1,0.186233203981496,2.62615261745037
0.66,1,1,0.186233203981496,2.62615261745037
0.661,1,1,0.186233203981496,2.62615261745037
0.662,1,1,0.186233203981496,2.62615261745037
0.663,1,1,0.186233203981496,2.62615261745037
0.664,1,1,0.186233203981496,2.62615261745037
0.665,1,1,0.186233203981496,2.62615261745037
0.666,1,1,0.186233203981496,2.62615261745037
0.667,1,1,0.186233203981496,2.62615261745037
0.668,1,1,0.186233203981496,2.62615261745037
0.669,1,1,0.186233203981496,2.62615261745037
0.67,1,1,0.186233203981496,2.62615261745037
0.671,1,1,0.186233203981496,2.62615261745037
0.672,1,1,0.186233203981496,2.62615261745037
0.673,1,1,0.186233203981496,2.62615261745037
0.674,1,1,0.186233203981496,2.62615261745037
0.675,1,1,0.186233203981496,2.62615261745037
0.676,1,1,0.186233203981496,2.62615261745037
0.677,1,1,0.186233203981496,2.62615261745037
0.678,1,1,0.186233203981496,2.62615261745037
0.679,1,1,0.186233203981496,2.62615261745037
0.68,1,1,0.186233203981496,2.62615261745037
0.681,1,1,0.186233203981496,2.62615261745037
0.682,1,1,0.186233203981496,2.62615261745037
0.683,1,1,0.186233203981496,2.62615261745037
0.684,1,1,0.186233203981496,2.62615261745037
0.685,1,1,0.186233203981496,2.62615261745037
0.686,1,1,0.186233203981496,2.62615261745037
0.687,1,1,0.186233203981496,2.62615261745037
0.688,1,1,0.186233203981496,2.62615261745037
0.689,1,1,0.186233203981496,2.62615261745037
0.69,1,1,0.186233203981496,2.62615261745037
0.691,1,1,0.186233203981496,2.62615261745037
0.692,1,1,0.186233203981496,2.62615261745037
0.693,1,1,0.186233203981496,2.62615261745037
0.694,1,1,0.186233203981496,2.62615261745037
0.695,1,1,0.186233203981496,2.62615261745037
0.696,1,1,0.186233203981496,2.62615261745037
0.697,1,1,0.186233203981496,2.62615261745037
0.698,1,1,0.186233203981496,2.62615261745037
0.699,1,1,0.186233203981496,2.62615261745037
0.7,1,1,0.186233203981496,2.62615261745037
0.701,1,1,0.186233203981496,2.62615261745037
0.702,1,1,0.186233203981496,2.62615261745037
0.703,1,1,0.186233203981496,2.62615261745037
0.704,1,1,0.186233203981496,2.62615261745037
0.705,1,1,0.186233203981496,2.62615261745037
0.706,1,1,0.186233203981496,2.62615261745037
0.707,1,1,0.186233203981496,2.62615261745037
0.708,1,1,0.186233203981496,2.62615261745037
0.709,1,1,0.186233203981496,2.62615261745037
0.71,1,1,0.186233203981496,2.62615261745037
0.711,1,1,0.186233203981496,2.62615261745037
0.712,1,1,0.186233203981496,2.62615261745037
0.713,1,1,0.186233203981496,2.62615261745037
0.714,1,1,0.186233203981496,2.62615261745037
0.715,1,1,0.186233203981496,2.62615261745037
0.716,1,1,0.186233203981496,2.62615261745037
0.717,1,1,0.186233203981496,2.62615261745037
0.718,1,1,0.186233203981496,2.62615261745037
0.719,1,1,0.186233203981496,2.62615261745037
0.72,1,1,0.186233203981496,2.62615261745037
0.721,1,1,0.186233203981496,2.62615261745037
0.722,1,1,0.186233203981496,2.62615261745037
0.723,1,1,0.186233203981496,2.62615261745037
0.724,1,1,0.186233203981496,2.62615261745037
0.725,1,1,0.186233203981496,2.62615261745037
0.726,1,1,0.186233203981496,2.62615261745037
0.727,1,1,0.186233203981496,2.62615261745037
0.728,1,1,0.186233203981496,2.62615261745037
0.729,1,1,0.186233203981496,2.62615261745037
0.73,1,1,0.186233203981496,2.62615261745037
0.731,1,1,0.186233203981496,2.62615261745037
0.732,1,1,0.186233203981496,2.62615261745037
0.733,1,1,0.186233203981496,2.62615261745037
0.734,1,1,0.186233203981496,2.62615261745037
0.735,1,1,0.186233203981496,2.62615261745037
0.736,1,1,0.186233203981496,2.62615261745037
0.737,1,1,0.186233203981496,2.62615261745037
0.738,1,1,0.186233203981496,2.62615261745037
0.739,1,1,0.186233203981496,2.62615261745037
0.74,1,1,0.186233203981496,2.62615261745037
0.741,1,1,0.186233203981496,2.62615261745037
0.742,1,1,0.186233203981496,2.62615261745037
0.743,1,1,0.186233203981496,2.62615261745037
0.744,1,1,0.186233203981496,2.62615261745037
0.745,1,1,0.186233203981496,2.62615261745037
0.746,1,1,0.186233203981496,2.62615261745037
0.747,1,1,0.186233203981496,2.62615261745037
0.748,1,1,0.186233203981496,2.62615261745037
0.749,1,1,0.186233203981496,2.62615261745037
0.75,1,1,0.186233203981496,2.62615261745037
0.751,1,1,0.186233203981496,2.62615261745037
0.752,1,1,0.186233203981496,2.62615261745037
0.753,1,1,0.186233203981496,2.62615261745037
0.754,1,1,0.186233203981496,2.62615261745037
0.755,1,1,0.186233203981496,2.62615261745037
0.756,1,1,0.186233203981496,2.62615261745037
0.757,1,1,0.186233203981496,2.62615261745037
0.758,1,1,0.186233203981496,2.62615261745037
0.759,1,1,0.186233203981496,2.62615261745037
0.76,1,1,0.186233203981496,2.62615261745037
0.761,1,1,0.186233203981496,2.62615261745037
0.762,1,1,0.186233203981496,2.62615261745037
0.763,1,1,0.186233203981496,2.62615261745037
0.764,1,1,0.186233203981496,2.62615261745037
0.765,1,1,0.186233203981496,2.62615261745037
0.766,1,1,0.186233203981496,2.62615261745037
0.767,1,1,0.186233203981496,2.62615261745037
0.768,1,1,0.186233203981496,2.62615261745037
0.769,1,1,0.186233203981496,2.62615261745037
0.77,1,1,0.186233203981496,2.62615261745037
0.771,1,1,0.186233203981496,2.62615261745037
0.772,1,1,0.186233203981496,2.62615261745037
0.773,1,1,0.186233203981496,2.62615261745037
0.774,1,1,0.186233203981496,2.62615261745037
0.775,1,1,0.186233203981496,2.62615261745037
0.776,1,1,0.186233203981496,2.62615261745037
0.777,1,1,0.186233203981496,2.62615261745037
0.778,1,1,0.186233203981496,2.62615261745037
0.779,1,1,0.186233203981496,2.62615261745037
0.78,1,1,0.186233203981496,2.62615261745037
0.781,1,1,0.186233203981496,2.62615261745037
0.782,1,1,0.186233203981496,2.62615261745037
0.783,1,1,0.186233203981496,2.62615261745037
0.784,1,1,0.186233203981496,2.62615261745037
0.785,1,1,0.186233203981496,2.62615261745037
0.786,1,1,0.186233203981496,2.62615261745037
0.787,1,1,0.186233203981496,2.62615261745037
0.788,1,1,0.186233203981496,2.62615261745037
0.789,1,1,0.186233203981496,2.62615261745037
0.79,1,1,0.186233203981496,2.62615261745037
0.791,1,1,0.186233203981496,2.62615261745037
0.792,1,1,0.186233203981496,2.62615261745037
0.793,1,1,0.186233203981496,2.62615261745037
0.794,1,1,0.186233203981496,2.62615261745037
0.795,1,1,0.186233203981496,2.62615261745037
0.796,1,1,0.186233203981496,2.62615261745037
0.797,1,1,0.186233203981496,2.62615261745037
0.798,1,1,0.186233203981496,2.62615261745037
0.799,1,1,0.186233203981496,2.62615261745037
0.8,1,1,0.186233203981496,2.62615261745037
0.801,1,1,0.186233203981496,2.62615261745037
0.802,1,1,0.186233203981496,2.62615261745037
0.803,1,1,0.186233203981496,2.62615261745037
0.804,1,1,0.186233203981496,2.62615261745037
0.805,1,1,0.186233203981496,2.62615261745037
0.806,1,1,0.186233203981496,2.62615261745037
0.807,1,1,0.186233203981496,2.62615261745037
0.808,1,1,0.186233203981496,2.62615261745037
0.809,1,1,0.186233203981496,2.62615261745037
0.81,1,1,0.186233203981496,2.62615261745037
0.811,1,1,0.186233203981496,2.62615261745037
0.812,1,1,0.186233203981496,2.62615261745037
0.813,1,1,0.186233203981496,2.62615261745037
0.814,1,1,0.186233203981496,2.62615261745037
0.815,1,1,0.186233203981496,2.62615261745037
0.816,1,1,0.186233203981496,2.62615261745037
0.817,1,1,0.186233203981496,2.62615261745037
0.818,1,1,0.186233203981496,2.62615261745037
0.819,1,1,0.186233203981496,2.62615261745037
0.82,1,1,0.186233203981496,2.62615261745037
0.821,1,1,0.186233203981496,2.62615261745037
0.822,1,1,0.186233203981496,2.62615261745037
0.823,1,1,0.186233203981496,2.62615261745037
0.824,1,1,0.186233203981496,2.62615261745037
0.825,1,1,0.186233203981496,2.62615261745037
0.826,1,1,0.186233203981496,2.62615261745037
0.827,1,1,0.186233203981496,2.62615261745037
0.828,1,1,0.186233203981496,2.62615261745037
0.829,1,1,0.186233203981496,2.62615261745037
0.83,1,1,0.186233203981496,2.62615261745037
0.831,1,1,0.186233203981496,2.62615261745037
0.832,1,1,0.186233203981496,2.62615261745037
0.833,1,1,0.186233203981496,2.62615261745037
0.834,1,1,0.186233203981496,2.62615261745037
0.835,1,1,0.186233203981496,2.62615261745037
0.836,1,1,0.186233203981496,2.62615261745037
0.837,1,1,0.186233203981496,2.62615261745037
0.838,1,1,0.186233203981496,2.62615261745037
0.839,1,1,0.186233203981496,2.62615261745037
0.84,1,1,0.186233203981496,2.62615261745037
0.841,1,1,0.186233203981496,2.62615261745037
0.842,1,1,0.186233203981496,2.62615261745037
0.843,1,1,0.186233203981496,2.62615261745037
0.844,1,1,0.186233203981496,2.62615261745037
0.845,1,1,0.186233203981496,2.62615261745037
0.846,1,1,0.186233203981496,2.62615261745037
0.847,1,1,0.186233203981496,2.62615261745037
0.848,1,1,0.186233203981496,2.62615261745037
0.849,1,1,0.186233203981496,2.62615261745037
0.85,1,1,0.186233203981496,2.62615261745037
0.851,1,1,0.186233203981496,2.62615261745037
0.852,1,1,0.186233203981496,2.62615261745037
0.853,1,1,0.186233203981496,2.62615261745037
0.854,1,1,0.186233203981496,2.62615261745037
0.855,1,1,0.186233203981496,2.62615261745037
0.856,1,1,0.186233203981496,2.62615261745037
0.857,1,1,0.186233203981496,2.62615261745037
0.858,1,1,0.186233203981496,2.62615261745037
0.859,1,1,0.186233203981496,2.62615261745037
0.86,1,1,0.186233203981496,2.62615261745037
0.861,1,1,0.186233203981496,2.62615261745037
0.862,1,1,0.186233203981496,2.62615261745037
0.863,1,1,0.186233203981496,2.62615261745037
0.864,1,1,0.186233203981496,2.62615261745037
0.865,1,1,0.186233203981496,2.62615261745037
0.866,1,1,0.186233203981496,2.62615261745037
0.867,1,1,0.186233203981496,2.62615261745037
0.868,1,1,0.186233203981496,2.62615261745037
0.869,1,1,0.186233203981496,2.62615261745037
0.87,1,1,0.186233203981496,2.62615261745037
0.871,1,1,0.186233203981496,2.62615261745037
0.872,1,1,0.186233203981496,2.62615261745037
0.873,1,1,0.186233203981496,2.62615261745037
0.874,1,1,0.186233203981496,2.62615261745037
0.875,1,1,0.186233203981496,2.62615261745037
0.876,1,1,0.186233203981496,2.62615261745037
0.877,1,1,0.186233203981496,2.62615261745037
0.878,1,1,0.186233203981496,2.62615261745037
0.879,1,1,0.186233203981496,2.62615261745037
0.88,1,1,0.186233203981496,2.62615261745037
0.881,1,1,0.186233203981496,2.62615261745037
0.882,1,1,0.186233203981496,2.62615261745037
0.883,1,1,0.186233203981496,2.62615261745037
0.884,1,1,0.186233203981496,2.62615261745037
0.885,1,1,0.186233203981496,2.62615261745037
0.886,1,1,0.186233203981496,2.62615261745037
0.887,1,1,0.186233203981496,2.62615261745037
0.888,1,1,0.186233203981496,2.62615261745037
0.889,1,1,0.186233203981496,2.62615261745037
0.89,1,1,0.186233203981496,2.62615261745037
0.891,1,1,0.186233203981496,2.62615261745037
0.892,1,1,0.186233203981496,2.62615261745037
0.893,1,1,0.186233203981496,2.62615261745037
0.894,1,1,0.186233203981496,2.62615261745037
0.895,1,1,0.186233203981496,2.62615261745037
0.896,1,1,0.186233203981496,2.62615261745037
0.897,1,1,0.186233203981496,2.62615261745037
0.898,1,1,0.186233203981496,2.62615261745037
0.899,1,1,0.186233203981496,2.62615261745037
0.9,1,1,0.186233203981496,2.62615261745037
0.901,1,1,0.186233203981496,2.62615261745037
0.902,1,1,0.186233203981496,2.62615261745037
0.903,1,1,0.186233203981496,2.62615261745037
0.904,1,1,0.186233203981496,2.62615261745037
0.905,1,1,0.186233203981496,2.62615261745037
0.906,1,1,0.186233203981496,2.62615261745037
0.907,1,1,0.186233203981496,2.62615261745037
0.908,1,1,0.186233203981496,2.62615261745037
0.909,1,1,0.186233203981496,2.62615261745037
0.91,1,1,0.186233203981496,2.62615261745037
0.911,1,1,0.186233203981496,2.62615261745037
0.912,1,1,0.186233203981496,2.62615261745037
0.913,1,1,0.186233203981496,2.62615261745037
0.914,1,1,0.186233203981496,2.62615261745037
0.915,1,1,0.186233203981496,2.62615261745037
0.916,1,1,0.186233203981496,2.62615261745037
0.917,1,1,0.186233203981496,2.62615261745037
0.918,1,1,0.186233203981496,2.62615261745037
0.919,1,1,0.186233203981496,2.62615261745037
0.92,1,1,0.186233203981496,2.62615261745037
0.921,1,1,0.186233203981496,2.62615261745037
0.922,1,1,0.186233203981496,2.62615261745037
0.923,1,1,0.186233203981496,2.62615261745037
0.924,1,1,0.186233203981496,2.62615261745037
0.925,1,1,0.186233203981496,2.62615261745037
0.926,1,1,0.186233203981496,2.62615261745037
0.927,1,1,0.186233203981496,2.62615261745037
0.928,1,1,0.186233203981496,2.62615261745037
0.929,1,1,0.186233203981496,2.62615261745037
0.93,1,1,0.186233203981496,2.62615261745037
0.931,1,1,0.186233203981496,2.62615261745037
0.932,1,1,0.186233203981496,2.62615261745037
0.933,1,1,0.186233203981496,2.62615261745037
0.934,1,1,0.186233203981496,2.62615261745037
0.935,1,1,0.186233203981496,2.62615261745037
0.936,1,1,0.186233203981496,2.62615261745037
0.937,1,1,0.186233203981496,2.62615261745037
0.938,1,1,0.186233203981496,2.62615261745037
0.939,1,1,0.186233203981496,2.62615261745037
0.94,1,1,0.186233203981496,2.62615261745037
0.941,1,1,0.186233203981496,2.62615261745037
0.942,1,1,0.186233203981496,2.62615261745037
0.943,1,1,0.186233203981496,2.62615261745037
0.944,1,1,0.186233203981496,2.62615261745037
0.945,1,1,0.186233203981496,2.62615261745037
0.946,1,1,0.186233203981496,2.62615261745037
0.947,1,1,0.186233203981496,2.62615261745037
0.948,1,1,0.186233203981496,2.62615261745037
0.949,1,1,0.186233203981496,2.62615261745037
0.95,1,1,0.186233203981496,2.62615261745037
0.951,1,1,0.186233203981496,2.62615261745037
0.952,1,1,0.186233203981496,2.62615261745037
0.953,1,1,0.186233203981496,2.62615261745037
0.954,1,1,0.186233203981496,2.62615261745037
0.955,1,1,0.186233203981496,2.62615261745037
0.956,1,1,0.186233203981496,2.62615261745037
0.957,1,1,0.186233203981496,2.62615261745037
0.958,1,1,0.186233203981496,2.62615261745037
0.959,1,1,0.186233203981496,2.62615261745037
0.96,1,1,0.186233203981496,2.62615261745037
0.961,1,1,0.186233203981496,2.62615261745037
0.962,1,1,0.186233203981496,2.62615261745037
0.963,1,1,0.186233203981496,2.62615261745037
0.964,1,1,0.186233203981496,2.62615261745037
0.965,1,1,0.186233203981496,2.62615261745037
0.966,1,1,0.186233203981496,2.62615261745037
0.967,1,1,0.186233203981496,2.62615261745037
0.968,1,1,0.186233203981496,2.62615261745037
0.969,1,1,0.186233203981496,2.62615261745037
0.97,1,1,0.186233203981496,2.62615261745037
0.971,1,1,0.186233203981496,2.62615261745037
0.972,1,1,0.186233203981496,2.62615261745037
0.973,1,1,0.186233203981496,2.62615261745037
0.974,1,1,0.186233203981496,2.62615261745037
0.975,1,1,0.186233203981496,2.62615261745037
0.976,1,1,0.186233203981496,2.62615261745037
0.977,1,1,0.186233203981496,2.62615261745037
0.978,1,1,0.186233203981496,2.62615261745037
0.979,1,1,0.186233203981496,2.62615261745037
0.98,1,1,0.186233203981496,2.62615261745037
0.981,1,1,0.186233203981496,2.62615261745037
0.982,1,1,0.186233203981496,2.62615261745037
0.983,1,1,0.186233203981496,2.62615261745037
0.984,1,1,0.186233203981496,2.62615261745037
0.985,1,1,0.186233203981496,2.62615261745037
0.986,1,1,0.186233203981496,2.62615261745037
0.987,1,1,0.186233203981496,2.62615261745037
0.988,1,1,0.186233203981496,2.62615261745037
0.989,1,1,0.186233203981496,2.62615261745037
0.99,1,1,0.186233203981496,2.62615261745037
0.991,1,1,0.186233203981496,2.62615261745037
0.992,1,1,0.186233203981496,2.62615261745037
0.993,1,1,0.186233203981496,2.62615261745037
0.994,1,1,0.186233203981496,2.62615261745037
0.995,1,1,0.186233203981496,2.62615261745037
0.996,1,1,0.186233203981496,2.62615261745037
0.997,1,1,0.186233203981496,2.62615261745037
0.998,1,1,0.186233203981496,2.62615261745037
0.999,1,1,0.186233203981496,2.62615261745037
